GEO;GEO_OBJECT;OBS_STATUS;lcog_geo;ind;men;men_pauv;men_1ind;men_5ind;men_prop;men_fmp;ind_snv;men_surf;men_coll;men_mais;log_soc;ind_inc;log;ind_0_17;ind_65p
CRS3035RES200mN3124600E3780000;C200M;I;59359,59183;1;0.3;0;0;0.1;0.2;0;23871.4;39.3;0;0.3;0;0;0.30000000000000004;0.30000000000000004;0.1
CRS3035RES200mN3127400E3779200;C200M;I;59183;4;1.4;0.1;0.4;0.2;0.9;0.1;87010.4;154.6;0;1.4;0;0;1.4000000000000001;0.8999999999999999;0.2
CRS3035RES200mN3128000E3779600;C200M;I;59183,59271;14;5.4;1.1;1.6;0.3;3.5;0;347278;512.3;0.5;4.9;0;0;5.4;4;3.5
CRS3035RES200mN3128200E3779600;C200M;I;59183;4;1.5;0.3;0.5;0.1;1;0;99222.3;146.4;0.1;1.4;0;0;1.5000000000000002;1.2;1
CRS3035RES200mN3128000E3779400;C200M;I;59183,59271;23;8.8;1.8;2.7;0.4;5.8;0;570528.1;841.7;0.9;7.9;0;0;8.8;6.699999999999999;5.7
CRS3035RES200mN3128000E3779200;C200M;I;59183;2;0.8;0.2;0.2;0;0.5;0;49611.1;73.2;0.1;0.7;0;0;0.8;0.5;0.6
CRS3035RES200mN3129600E3778400;C200M;I;59183;14;6.1;1.3;1.3;0;6.1;0;358241;644.4;0;6.1;0;0;6.1;0.9;4.800000000000001
CRS3035RES200mN3130200E3778400;C200M;I;59183;2;0.8;0.2;0.2;0;0.5;0;49611.1;73.2;0.1;0.7;0;0;0.8;0.5;0.6
CRS3035RES200mN3129400E3778400;C200M;I;59183;15;6.6;1.4;1.4;0;6.6;0;383829.6;690.5;0;6.6;0;0;6.6;0.9;5.2
CRS3035RES200mN3129400E3778200;C200M;I;59183;3;1.3;0.3;0.3;0;1.3;0;76765.9;138.1;0;1.3;0;0;1.2999999999999998;0.2;1
CRS3035RES200mN3129600E3778200;C200M;A;59183;73;32;5;12;2;21;1;1744915.7;2659;0;32;8;0;32;10;7
CRS3035RES200mN3129800E3778200;C200M;A;59183;91;33;11;13;7;8;4;1548163;2819;0;33;20;0;33;34;15
CRS3035RES200mN3129800E3777600;C200M;I;59359,59183;2;0.8;0.2;0.2;0;0.5;0;49611.1;73.2;0.1;0.7;0;0;0.8;0.5;0.6
CRS3035RES200mN3130600E3791200;C200M;I;59588,59183;11;4.8;0.4;0;0;4;0.4;368167.7;831.6;0;4.8;0;0;4.800000000000001;0.4;3.5
CRS3035RES200mN3130400E3790400;C200M;A;59588,59183;75;35;1;7;0;35;0;2398918.6;4216;0;35;0;0;35;4;38
CRS3035RES200mN3130600E3790800;C200M;I;59183,59588;21;8.3;0.8;1.5;0.9;7.3;0.5;573137.4;996.6;0;8.3;0;0;8.3;4.2;6.4
CRS3035RES200mN3130600E3790600;C200M;I;59183,59588;8;3.2;0.3;0.6;0.4;2.8;0.2;218338.1;379.6;0;3.2;0;0;3.1999999999999997;1.6;2.4
CRS3035RES200mN3130400E3790600;C200M;A;59588;55.5;26;1;6;1;25;0;1908863.7;3207;0;26;0;0;26;6.5;26
CRS3035RES200mN3130600E3790400;C200M;I;59183,59588;2;0.8;0.1;0.1;0.1;0.7;0;54584.5;94.9;0;0.8;0;0;0.7999999999999999;0.5;0.6000000000000001
CRS3035RES200mN3130600E3790200;C200M;I;59183;10;4;0.4;0.7;0.4;3.5;0.2;272922.6;474.6;0;4;0;0;4;2;3
CRS3035RES200mN3130400E3790200;C200M;A;59588,59183;36.5;17;3;3;0;16;2;1021514;1862;0;17;0;0;17;3.5;20
CRS3035RES200mN3131000E3792200;C200M;I;59183,59588,59340;21;8.2;1.2;1.4;0.5;7.5;0.5;528354.5;851.3;0;8.2;0;0;8.200000000000001;3.8;4.4
CRS3035RES200mN3131400E3792200;C200M;A;59340,59183;29;11;0;0;0;10;1;1005320.7;1337;0;11;0;0;11;7;5
CRS3035RES200mN3131400E3792000;C200M;A;59340,59183;41;19;0;3;1;18;1;1424556.2;2220;0;19;0;0;19;5;16
CRS3035RES200mN3131200E3792200;C200M;I;59340,59183;11;4.3;0.6;0.8;0.3;3.9;0.3;276757.1;445.9;0;4.3;0;0;4.3;2.1;2.3
CRS3035RES200mN3131000E3792000;C200M;I;59183,59588;2;0.8;0.1;0.1;0;0.7;0;50319.5;81.1;0;0.8;0;0;0.8;0.4;0.4
CRS3035RES200mN3131600E3791800;C200M;A;59340;141;76;18;38;3;19;3;2727555.2;5326;20;56;56;0;76;20;55
CRS3035RES200mN3131400E3791800;C200M;I;59183,59340;30;10.6;0.3;1.2;1.2;8.2;0.3;862960.3;1224.8;0;10.6;0;0;10.600000000000001;7;7.9
CRS3035RES200mN3131200E3791400;C200M;I;59183;17;6;0.2;0.7;0.7;4.6;0.2;489010.8;694.1;0;6;0;0;6.000000000000001;3.9;4.5
CRS3035RES200mN3130800E3791200;C200M;I;59183,59588;2;0.9;0.1;0;0;0.7;0.1;66939.6;151.2;0;0.9;0;0;0.8999999999999999;0.1;0.6
CRS3035RES200mN3131000E3791200;C200M;I;59183;2;0.7;0;0.1;0.1;0.5;0;57530.7;81.7;0;0.7;0;0;0.7;0.4;0.6000000000000001
CRS3035RES200mN3130800E3791000;C200M;I;59183;10;4.4;0.4;0;0;3.6;0.4;334697.9;756;0;4.4;0;0;4.4;0.4;3.2
CRS3035RES200mN3131200E3791200;C200M;I;59183;26;9.2;0.3;1.1;1.1;7.1;0.3;747898.9;1061.5;0;9.2;0;0;9.200000000000001;6;6.800000000000001
CRS3035RES200mN3131200E3791000;C200M;I;59183;17;6;0.2;0.7;0.7;4.6;0.2;489010.8;694.1;0;6;0;0;6.000000000000001;3.9;4.5
CRS3035RES200mN3131000E3791000;C200M;I;59183;7;2.5;0.1;0.3;0.3;1.9;0.1;201357.4;285.8;0;2.5;0;0;2.5;1.6;1.9
CRS3035RES200mN3131400E3791600;C200M;A;59183,59340;73;29;3;4;2;20;6;1893779.8;2806;6;23;2;0;29;19;11
CRS3035RES200mN3131600E3791600;C200M;A;59340;246;131;21;64;6;84;12;5667779;10108;66;65;0;0;131;37;60
CRS3035RES200mN3131400E3791400;C200M;A;59183,59340;109.5;51;10;17;2;30;6;2620263.5;4719;15;36;7;0;51;20.5;16
CRS3035RES200mN3131800E3791400;C200M;A;59183,59340;119.5;75;1;45;1;41;1;3151708.4;5557;44;31;0;0;75;11.5;42
CRS3035RES200mN3132000E3791400;C200M;A;59183,59340;166.5;78;5;28;4;55;6;4476907.6;7765;19;59;5;0;78;21.5;59
CRS3035RES200mN3131400E3791200;C200M;A;59183;72;29;2;5;3;22;3;1650661.3;2516;3;26;3;0;29;15;10
CRS3035RES200mN3131600E3791400;C200M;A;59183,59340;291.5;139;12;51;4;95;12;7044636.6;12011;45;94;15;1;139;50.5;78
CRS3035RES200mN3131600E3791200;C200M;A;59183;409;170;61;55;16;62;41;7149042.3;12035;99;71;104;0;170;116;75
CRS3035RES200mN3131600E3791000;C200M;A;59183;192.5;81;13;24;7;67;5;4374852.7;7152;0;81;4;0;81;43.5;56
CRS3035RES200mN3131800E3791200;C200M;A;59183;354.5;184;19;82;5;75;18;8776771.1;13756;127;57;31;0;184;59.5;80
CRS3035RES200mN3132200E3791400;C200M;A;59183,59340;153;61;1;12;5;55;4;5185787.2;7322;3;58;0;0;61;20;44
CRS3035RES200mN3132200E3791200;C200M;A;59183;212.5;103;12;38;1;62;2;6176660.7;9447;48;55;7;0;103;29.5;59
CRS3035RES200mN3132000E3791200;C200M;A;59183;239.5;105;5;26;1;89;7;7863488.7;11505;14;91;11;0;105;36;69
CRS3035RES200mN3131800E3791000;C200M;A;59183;372;196;53;96;8;31;42;7152336.8;14010;163;33;157;0;196;77;74
CRS3035RES200mN3132000E3791000;C200M;A;59183;44;17;1;1;1;14;1;1435976.8;2243;0;17;1;0;17;7;14
CRS3035RES200mN3131000E3790800;C200M;A;59183;40;19;1;5;0;19;1;1194844;2119;0;19;0;0;19;6;15
CRS3035RES200mN3130800E3790600;C200M;I;59183;5;2;0.2;0.4;0.2;1.7;0.1;136461.3;237.3;0;2;0;0;2;1;1.5
CRS3035RES200mN3131000E3790600;C200M;A;59183;69;28;2;7;3;24;0;1809776.9;3005;1;27;0;0;28;10;16
CRS3035RES200mN3131400E3791000;C200M;A;59183;193;84;12;26;7;70;14;4481281.7;7139;6;78;1;0;84;39;54
CRS3035RES200mN3131200E3790800;C200M;A;59183;71;43;11;24;1;17;3;1611951.5;2570;24;19;22;0;43;4;14
CRS3035RES200mN3131400E3790600;C200M;A;59183;174.5;76;11;25;5;61;9;4050260.7;6573;7;69;0;0;76;37;29
CRS3035RES200mN3131600E3790800;C200M;A;59183;215;95;16;30;3;61;11;5235200.7;8244;29;66;13;0;95;45;43
CRS3035RES200mN3131600E3790600;C200M;A;59183;189;90;10;34;3;70;5;5288277.9;8723;21;69;10;0;90;32;55
CRS3035RES200mN3131400E3790800;C200M;A;59183;326.5;158;32;59;4;68;19;6997286.7;12542;81;77;80;3;158;60;79
CRS3035RES200mN3130800E3790400;C200M;I;59183;11;4.4;0.4;0.8;0.5;3.8;0.2;300214.8;522;0;4.4;0;0;4.4;2.2;3.3
CRS3035RES200mN3131000E3790400;C200M;I;59183;21;9.2;0;0;0;9.2;0.8;702184.3;1009.7;0.8;8.4;0;0;9.200000000000001;0.8;11
CRS3035RES200mN3131200E3790400;C200M;A;59183;171;75;13;23;4;43;14;4195141.7;7095;26;49;22;0;75;34;32
CRS3035RES200mN3131200E3790200;C200M;A;59183;176.5;82;9;29;3;46;8;4351655.4;7247;34;48;0;0;82;29.5;36
CRS3035RES200mN3131200E3790600;C200M;A;59183;47;24;1;7;1;21;3;1369245.5;2431;0;24;0;0;24;7;20
CRS3035RES200mN3131400E3790400;C200M;A;59183;142;59;8;17;3;49;6;3420212.2;5559;2;57;0;0;59;22;30
CRS3035RES200mN3131400E3790200;C200M;A;59183;214;124;49;67;1;40;13;4292935.8;7799;75;49;75;0;124;32;48
CRS3035RES200mN3131800E3790800;C200M;A;59183;45;21;1;2;1;21;0;1546910.3;2784;0;21;0;0;21;2;26
CRS3035RES200mN3132000E3790800;C200M;I;59183;9;5.2;0.3;2.7;0.1;3;0.4;243076.4;417.3;2.8;2.4;1.3;0;5.2;0.9;4.1000000000000005
CRS3035RES200mN3132200E3790800;C200M;I;59183;1;0.6;0;0.3;0;0.3;0;27008.5;46.4;0.3;0.3;0.1;0;0.6000000000000001;0.1;0.5
CRS3035RES200mN3131800E3790600;C200M;A;59183;116.5;50;1;13;4;49;2;4328087.7;6582;0;50;0;0;50;14.5;43
CRS3035RES200mN3131800E3790400;C200M;A;59183;166;79;16;31;3;36;9;4741253;7224;43;36;43;0;79;30;41
CRS3035RES200mN3131600E3790400;C200M;A;59183;176;79;6;25;4;56;6;5028673.9;6841;33;46;0;0;79;28;53
CRS3035RES200mN3131600E3790200;C200M;A;59183;302.5;145;33;58;7;84;25;6383036.4;12588;81;64;40;0;145;59.5;93
CRS3035RES200mN3131800E3790200;C200M;A;59183;213;98;33;37;5;41;25;3734929.5;7327;54;44;51;0;98;59;36
CRS3035RES200mN3132400E3791200;C200M;I;59183;22;10.2;1.6;6.3;0.8;0.8;1.6;420090.8;748.8;8.6;1.6;3.9;0;10.2;8.3;3.9
CRS3035RES200mN3132400E3791400;C200M;A;59340,59183;138;69;1;30;1;47;5;4294361.7;5801;39;30;0;0;69;21.5;35
CRS3035RES200mN3132400E3791000;C200M;I;59183;5;2.3;0.4;1.4;0.2;0.2;0.4;95475.2;170.2;2;0.3;0.9;0;2.3;1.9;0.9
CRS3035RES200mN3132200E3791000;C200M;A;59183;42;22;0;8;0;16;2;1346457.2;2139;5;17;0;0;22;2;15
CRS3035RES200mN3130200E3789800;C200M;A;59588,59183;232;94;22;26;7;6;18;4172681.6;7242;59;35;88;0;94;63;26
CRS3035RES200mN3130400E3790000;C200M;I;59183,59588;19;7.5;0.7;1.4;0.8;6.6;0.4;518552.9;901.7;0;7.5;0;0;7.499999999999999;3.6999999999999997;5.7
CRS3035RES200mN3130800E3790200;C200M;I;59183;7;2.8;0.3;0.5;0.3;2.4;0.2;191045.8;332.2;0;2.8;0;0;2.8;1.4;2.1
CRS3035RES200mN3130800E3790000;C200M;I;59183;1;0.4;0;0.1;0;0.3;0;27292.3;47.5;0;0.4;0;0;0.4;0.1;0.30000000000000004
CRS3035RES200mN3130600E3790000;C200M;I;59183;12;4.8;0.4;0.9;0.5;4.1;0.3;327507.1;569.5;0;4.8;0;0;4.8;2.3;3.7
CRS3035RES200mN3130400E3789800;C200M;A;59183,59588;198;113;31;70;6;4;10;3406035.5;7919;42;71;109;0;113;39;78
CRS3035RES200mN3130600E3789800;C200M;A;59183;163;75;9;23;1;51;6;4010396.5;7074;10;65;2;0;75;29;45
CRS3035RES200mN3130200E3789600;C200M;A;59588,59183;44.5;18;2;4;0;16;0;1129349.6;1955;1;17;0;0;18;11.5;7
CRS3035RES200mN3130400E3789600;C200M;I;59183;4;1.7;0;0.3;0.1;1.3;0.1;117552.8;180.1;0;1.7;0;0;1.7000000000000002;0.9;0.8999999999999999
CRS3035RES200mN3130600E3789600;C200M;A;59183;86;36;5;15;5;22;3;2214525.4;3901;8;28;1;0;36;23.5;8
CRS3035RES200mN3130400E3789400;C200M;A;59183;30;12;0;0;1;12;2;865953.9;1586;0;12;0;0;12;3;15
CRS3035RES200mN3130800E3789600;C200M;A;59183;272;141;42;61;7;66;18;5449485.7;10817;72;69;42;0;141;48;58
CRS3035RES200mN3130800E3789400;C200M;A;59183;136;71;11;30;1;25;7;2930251.9;5419;37;34;12;0;71;23;28
CRS3035RES200mN3130200E3789400;C200M;A;59588,59183,59155;49;23;2;6;1;15;4;1490331.9;2399;2;21;0;0;23;8;11
CRS3035RES200mN3130200E3789200;C200M;A;59183,59155,59588;137;55;4;17;7;41;5;3680048.1;5184;8;47;0;0;55;31;16
CRS3035RES200mN3130000E3789200;C200M;A;59155;49;19;0;5;1;16;2;1291970.5;1883;1;18;0;0;19;15;8
CRS3035RES200mN3130000E3789000;C200M;A;59155,59183;105.5;46;3;11;1;41;4;2722023.9;4633;0;46;0;0;46;12.5;43
CRS3035RES200mN3130000E3788800;C200M;A;59155,59183;78.5;40;7;18;2;29;6;1643391.8;3405;10;30;0;0;40;17.5;19
CRS3035RES200mN3130000E3788600;C200M;A;59183,59155;122.5;59;4;18;2;46;6;3250271.5;5136;29;30;1;0;59;19.5;47
CRS3035RES200mN3130400E3789200;C200M;A;59183;245;118;9;40;2;96;7;6917567.2;12086;10;108;0;0;118;37;89
CRS3035RES200mN3130400E3789000;C200M;A;59183;157.5;65;10;20;4;56;6;4145278.2;6599;6;59;1;0;65;30.5;24
CRS3035RES200mN3130200E3789000;C200M;A;59183,59155;258.5;107;10;28;8;82;9;7181510.5;10285;20;87;3;0;107;57.5;50
CRS3035RES200mN3130600E3789200;C200M;A;59183;171;88;16;36;2;32;6;4316728;7650;47;41;39;0;88;23;47
CRS3035RES200mN3130600E3789000;C200M;A;59183;187;98;14;42;1;68;8;5129233.5;9591;29;69;1;0;98;23;40
CRS3035RES200mN3130600E3789400;C200M;A;59183;263;164;33;103;5;65;18;5014478.7;10080;156;8;2;0;164;46.5;47
CRS3035RES200mN3130800E3789000;C200M;A;59183;314.5;140;14;54;7;90;18;9642251.7;14804;46;94;3;7;140;63;42
CRS3035RES200mN3130200E3788800;C200M;A;59183;257;144;12;74;4;68;13;8065325.3;12009;63;81;65;1;144;34.5;121
CRS3035RES200mN3130200E3788600;C200M;A;59183;48;20;0;4;1;20;0;1698208.1;2997;0;20;0;0;20;6;19
CRS3035RES200mN3130400E3788800;C200M;A;59183;62.5;34;0;13;0;15;3;1908554.4;2901;24;10;1;0;34;4.5;15
CRS3035RES200mN3130800E3788800;C200M;A;59183;272.5;122;8;53;8;82;9;6411124.1;9782;24;98;4;0;122;62;47
CRS3035RES200mN3130800E3788600;C200M;A;59183;275;138;25;70;5;80;10;6653266.6;11824;53;85;6;0;138;65.5;46
CRS3035RES200mN3130600E3788600;C200M;A;59183;189;125;38;78;1;36;18;3661631;8376;112;13;78;0;125;28;72
CRS3035RES200mN3129400E3787600;C200M;A;59155,59183;78;35;2;14;3;29;0;1721918.3;2869;3;32;1;0;35;16;22
CRS3035RES200mN3129200E3787400;C200M;A;59155,59183;251;112;12;37;5;94;12;6017634.6;9610;9;103;0;0;112;59;43
CRS3035RES200mN3129200E3787200;C200M;A;59155,59183;121;69;6;37;2;38;4;2885125.9;5521;49;20;4;0;69;12.5;43
CRS3035RES200mN3129400E3787400;C200M;A;59183,59155;369.5;187;77;97;15;7;28;5699247.1;11924;180;7;167;0;187;87.5;62
CRS3035RES200mN3129400E3787200;C200M;A;59183;107;55;12;29;3;13;10;2049833.4;3946;48;7;7;0;55;17;18
CRS3035RES200mN3129400E3787000;C200M;A;59183;204.5;99;42;38;5;0;28;3115890.2;6578;99;0;99;0;99;59.5;36
CRS3035RES200mN3129200E3787000;C200M;I;59183,59155;1;0.4;0.1;0.1;0.1;0.2;0.1;19992.2;35.1;0.2;0.2;0;0;0.4;0.4;0.1
CRS3035RES200mN3129800E3788400;C200M;A;59155,59183;206;93;3;30;5;82;9;5069198.8;7652;4;89;3;0;93;41;60
CRS3035RES200mN3129800E3788200;C200M;A;59155,59183;93.5;36;4;7;3;22;6;2000035.2;3526;1;35;11;0;36;23;18
CRS3035RES200mN3129600E3788200;C200M;A;59155,59183;156;64;9;19;6;44;3;3482007;5828;7;57;2;0;64;41;29
CRS3035RES200mN3129400E3788000;C200M;A;59183,59155;114;47;2;12;2;42;2;2702667.1;4010;2;45;0;0;47;22;26
CRS3035RES200mN3130000E3788400;C200M;A;59183,59155;44;20;3;5;0;14;2;1315508.2;2367;7;13;0;0;20;5;11
CRS3035RES200mN3129400E3787800;C200M;A;59155,59183;203.5;92;17;27;3;33;13;4100617.3;7021;23;69;35;0;92;37.5;44
CRS3035RES200mN3129600E3787800;C200M;I;59183,59155;2;0.8;0.1;0.3;0.1;0.4;0.2;39984.4;70.1;0.3;0.5;0;0;0.7999999999999999;0.8;0.2
CRS3035RES200mN3130000E3788200;C200M;A;59183;183;69;3;13;8;56;3;6079181.6;8723;3;66;0;0;69;37;38
CRS3035RES200mN3130000E3788000;C200M;A;59183;170;72;4;15;4;67;5;5630496.2;8661;2;70;0;0;72;33.5;49
CRS3035RES200mN3129800E3788000;C200M;A;59183;98;34;2;5;1;31;5;2763430.8;3776;0;34;0;0;34;27;13
CRS3035RES200mN3130200E3788200;C200M;A;59183;122;70;3;39;2;37;1;3578292.7;6096;49;21;11;0;70;12;38
CRS3035RES200mN3130200E3788000;C200M;I;59183;41;18.3;1.5;7.3;1.5;13.9;1.5;1345424.8;2108.6;3.7;14.6;0.7;0;18.3;8.100000000000001;10.2
CRS3035RES200mN3129800E3787800;C200M;A;59183;168;63;29;21;10;9;16;2764195.5;4576;49;14;53;0;63;61;14
CRS3035RES200mN3130400E3788600;C200M;A;59183;207.5;105;23;50;4;47;9;5667297.3;9227;54;51;44;0;105;34.5;49
CRS3035RES200mN3130400E3788400;C200M;A;59183;185;92;7;36;2;63;7;5281254.2;9037;52;40;0;0;92;27;59
CRS3035RES200mN3130200E3788400;C200M;A;59183;129;49;1;9;2;43;4;3969860.6;5607;0;49;0;0;49;29;27
CRS3035RES200mN3130400E3788200;C200M;I;59183;13;5.8;0.5;2.3;0.5;4.4;0.5;426598.1;668.6;1.2;4.6;0.2;0;5.8;2.5999999999999996;3.2
CRS3035RES200mN3130600E3788400;C200M;A;59183;256;116;8;33;7;90;11;6857944.4;11865;21;95;5;0;116;37.5;66
CRS3035RES200mN3131000E3788600;C200M;A;59183;227;116;7;56;5;70;10;6527108.6;11665;68;48;13;0;116;45.5;50
CRS3035RES200mN3131000E3788400;C200M;A;59183;175;94;9;54;7;55;5;4863743.8;8466;53;41;10;0;94;26;45
CRS3035RES200mN3130800E3788400;C200M;A;59183;354;176;29;74;6;95;27;8400222;15278;64;112;58;0;176;59.5;85
CRS3035RES200mN3130600E3788200;C200M;A;59183;536.5;270;51;124;12;90;37;11646003.5;20522;196;74;156;4;270;99.5;146
CRS3035RES200mN3130800E3788200;C200M;A;59183;421.5;233;74;127;8;37;47;7382577.2;14802;214;19;180;0;233;96.5;122
CRS3035RES200mN3130400E3788000;C200M;I;59183;2;0.9;0.1;0.4;0.1;0.7;0.1;65630.5;102.9;0.2;0.7;0;0;0.8999999999999999;0.4;0.5
CRS3035RES200mN3130600E3787800;C200M;A;59183;313;192;33;114;5;44;26;6742052.1;12981;187;5;53;0;192;46;70
CRS3035RES200mN3130800E3787800;C200M;A;59183;42;28;17;20;1;0;2;637524.4;1211;25;3;24;0;28;3;0
CRS3035RES200mN3129600E3787600;C200M;A;59183,59155;204;122;48;73;3;0;10;3430648.9;7182;122;0;122;0;122;32;58
CRS3035RES200mN3129800E3787600;C200M;A;59183;46;20;4;9;2;6;3;937650.9;1770;12;8;2;0;20;13;7
CRS3035RES200mN3129600E3787400;C200M;A;59183;338;162;60;66;8;12;28;5545690.8;11530;151;11;98;1;162;73.5;42
CRS3035RES200mN3130000E3787600;C200M;A;59183;151.5;86;21;49;4;31;11;3472174.1;6790;68;18;13;0;86;23.5;26
CRS3035RES200mN3129800E3787400;C200M;A;59183;170.5;96;33;64;7;22;10;3478225.6;7217;79;17;26;0;96;35.5;17
CRS3035RES200mN3130200E3787800;C200M;A;59183;117;71;22;38;1;8;18;1982067;4562;71;0;59;0;71;22;32
CRS3035RES200mN3130000E3787800;C200M;A;59183;118.5;50;9;13;2;30;5;2936483.7;4804;17;33;15;0;50;22.5;27
CRS3035RES200mN3130200E3787400;C200M;A;59183;426.5;270;60;163;5;81;27;9518222.8;19039;257;13;34;0;270;49.5;104
CRS3035RES200mN3129600E3787200;C200M;A;59183;473.5;252;101;138;13;30;36;7889210.5;16916;223;29;101;1;252;103.5;78
CRS3035RES200mN3130000E3787400;C200M;A;59183;526.5;311;122;211;16;40;40;9210134.3;19946;292;19;127;14;311;102.5;62
CRS3035RES200mN3130000E3787200;C200M;A;59183;369.5;226;51;139;8;65;19;7897259.4;15803;217;9;29;0;226;56;90
CRS3035RES200mN3129800E3787200;C200M;A;59183;265;155;50;90;3;14;26;4831990.7;10323;149;6;73;0;155;59.5;33
CRS3035RES200mN3130200E3787200;C200M;A;59183;277.5;180;38;111;1;66;15;6352484.1;12156;178;2;0;0;180;23.5;84
CRS3035RES200mN3130000E3787000;C200M;A;59183;298.5;195;74;136;6;41;18;5437779.3;11125;190;5;39;0;195;41.5;31
CRS3035RES200mN3130200E3787000;C200M;A;59183;51;29;8;19;0;5;1;1083262.1;2181;29;0;0;0;29;12;2
CRS3035RES200mN3130400E3787800;C200M;A;59183;349;242;43;157;0;91;24;7974314.5;16117;237;5;35;0;242;22;107
CRS3035RES200mN3130400E3787600;C200M;A;59183;233.5;146;21;84;1;51;13;5343096.4;10522;146;0;66;0;146;22.5;80
CRS3035RES200mN3130200E3787600;C200M;A;59183;271;168;30;98;1;77;26;6334838.1;11607;167;1;3;0;168;34;44
CRS3035RES200mN3130600E3787600;C200M;A;59183;247;182;18;124;0;61;12;6379039.5;11327;181;1;0;0;182;9;145
CRS3035RES200mN3130600E3787400;C200M;A;59183;288.5;197;22;122;0;86;22;7098173.7;13952;193;4;0;0;197;22.5;96
CRS3035RES200mN3130400E3787400;C200M;A;59183;212;142;33;91;1;42;12;4707316.2;9660;139;3;0;0;142;17;49
CRS3035RES200mN3130800E3787600;C200M;A;59183;457.5;274;55;161;7;95;31;9883355.1;18744;270;4;47;1;274;65;93
CRS3035RES200mN3131000E3787600;C200M;A;59183;250.5;161;33;102;2;29;13;5635381.9;10585;150;11;30;0;161;31;52
CRS3035RES200mN3130400E3787200;C200M;A;59183;314;202;30;121;1;55;30;7202669.1;14271;202;0;25;0;202;43;81
CRS3035RES200mN3130800E3787400;C200M;A;59183;373;226;61;144;9;108;14;8075104.5;16933;221;5;0;6;226;51;100
CRS3035RES200mN3130600E3787200;C200M;A;59183;457.5;296;87;193;2;37;49;8725606.6;18245;276;20;145;0;296;71.5;70
CRS3035RES200mN3130400E3787000;C200M;A;59183;46.5;31;6;20;0;15;5;1030848;2273;23;8;0;0;31;2.5;13
CRS3035RES200mN3130600E3787000;C200M;I;59183;31;16.3;4.1;9;0;4.9;0.8;607764.8;981.4;15.5;0.8;0;0;16.299999999999997;5.699999999999999;4.1
CRS3035RES200mN3131000E3787400;C200M;I;59183;47.5;25.3;7;13.4;0;3.5;4.2;910583.3;1570.7;20.4;4.9;1.4;0;25.299999999999997;7;4.2
CRS3035RES200mN3130800E3787200;C200M;I;59183;7;3.7;0.9;2;0;1.1;0.2;137237.2;221.6;3.5;0.2;0;0;3.7;1.2999999999999998;0.8999999999999999
CRS3035RES200mN3131000E3787000;C200M;I;59183;3;1.6;0.4;0.8;0;0.2;0.3;57510.5;99.2;1.3;0.3;0.1;0;1.6;0.4;0.2
CRS3035RES200mN3131000E3787200;C200M;A;59183;99.5;65;11;41;1;16;3;2413500.3;4263;64;1;3;0;65;6.5;26
CRS3035RES200mN3131000E3790000;C200M;A;59183;30;15;4;7;1;9;0;686763.7;1513;3;12;0;0;15;2;3
CRS3035RES200mN3131000E3790200;C200M;I;59183;4;1.8;0;0;0;1.8;0.2;133749.4;192.3;0.2;1.6;0;0;1.8;0.2;2
CRS3035RES200mN3131200E3790000;C200M;A;59183;100;44;5;9;1;39;9;2707779.8;4202;4;40;0;0;44;21.5;18
CRS3035RES200mN3131400E3790000;C200M;A;59183;189.5;88;10;33;5;73;10;4410902.7;7369;6;82;1;3;88;42.5;45
CRS3035RES200mN3131400E3789800;C200M;A;59183;408;224;33;101;5;122;29;9198451.6;18160;179;45;71;0;224;56;161
CRS3035RES200mN3131000E3789800;C200M;A;59183;122;57;6;23;2;35;5;3177178.3;4994;23;34;2;0;57;22;25
CRS3035RES200mN3130800E3789800;C200M;I;59183;17;7;0;1.2;0.4;5.4;0.4;499599.5;765.4;0;7;0;0;7;3.7;3.7
CRS3035RES200mN3131200E3789800;C200M;A;59183;342;171;43;71;7;43;33;6448122.1;12162;127;44;119;0;171;73;65
CRS3035RES200mN3131200E3789600;C200M;A;59183;365.5;176;25;68;5;131;14;8409610.3;14466;36;140;11;0;176;64;80
CRS3035RES200mN3131000E3789600;C200M;A;59183;304;129;16;40;10;95;13;7800106.8;12299;16;113;4;0;129;65;60
CRS3035RES200mN3131000E3789400;C200M;A;59183;267;137;16;63;6;60;21;5775893.5;10294;56;81;12;0;137;46.5;42
CRS3035RES200mN3131400E3789600;C200M;A;59183;218;93;7;32;5;81;9;5980867.7;9744;11;82;3;0;93;30.5;47
CRS3035RES200mN3131400E3789400;C200M;A;59183;396;167;29;49;12;91;26;9368034.2;14258;52;115;56;0;167;103.5;72
CRS3035RES200mN3131200E3789400;C200M;A;59183;396;192;24;74;6;120;26;8951744.5;16002;52;140;41;0;192;78;70
CRS3035RES200mN3131600E3789400;C200M;A;59183;259;117;8;36;3;103;13;8196018.5;11931;19;98;0;0;117;51;74
CRS3035RES200mN3131600E3790000;C200M;A;59183;375.5;203;45;95;3;32;45;7618054.3;13722;174;29;149;0;203;74.5;76
CRS3035RES200mN3132000E3790000;C200M;I;59183;125;72.2;4.6;37;0.9;41.7;5.6;3376061.2;5795.4;38.9;33.3;17.6;0;72.19999999999999;12.1;56.4
CRS3035RES200mN3131600E3789800;C200M;A;59183;112;65;17;35;1;28;9;2738329.8;5301;43;22;27;0;65;14.5;46
CRS3035RES200mN3131800E3790000;C200M;A;59183;201;137;7;83;0;76;5;5770262.4;11155;98;39;0;0;137;9;119
CRS3035RES200mN3132200E3790000;C200M;A;59183;269.5;199;28;134;1;127;14;6709680.7;13506;199;0;0;0;199;5.5;159
CRS3035RES200mN3131800E3789800;C200M;A;59183;382;269;50;184;0;52;20;7458211;15548;269;0;105;0;269;31;132
CRS3035RES200mN3131800E3789600;C200M;A;59183;338.5;245;22;166;1;95;8;8133878;16251;238;7;0;0;245;15.5;160
CRS3035RES200mN3131600E3789600;C200M;A;59183;140;61;0;13;2;57;5;5042164.1;7834;0;61;0;0;61;23;48
CRS3035RES200mN3131800E3789400;C200M;A;59183;127;55;1;18;4;44;1;4852675;7411;10;45;0;0;55;24;36
CRS3035RES200mN3132000E3789800;C200M;A;59183;648;439;53;277;4;224;31;15261145.6;31390;439;0;105;0;439;49.5;346
CRS3035RES200mN3132000E3789600;C200M;A;59183;311;224;17;142;0;143;12;8574459.4;18397;217;7;0;0;224;7;203
CRS3035RES200mN3130800E3789200;C200M;A;59183;288.5;138;21;58;7;70;13;8271168.7;13696;81;57;29;0;138;56;54
CRS3035RES200mN3131000E3789200;C200M;A;59183;320.5;150;17;57;6;107;15;8184393;13135;39;111;1;0;150;65;67
CRS3035RES200mN3131000E3789000;C200M;A;59183;465;221;27;90;9;160;14;11993356.1;19490;36;185;10;0;221;95;86
CRS3035RES200mN3131200E3789000;C200M;A;59183;405;213;27;112;11;123;11;10642019.1;17126;110;103;4;0;213;67;91
CRS3035RES200mN3131200E3789200;C200M;A;59183;275;147;24;78;6;80;14;6901711.2;12132;56;91;4;0;147;48;42
CRS3035RES200mN3131400E3789200;C200M;A;59183;258;130;13;52;6;59;18;6040096.7;10754;104;26;27;0;130;50.5;74
CRS3035RES200mN3131600E3789000;C200M;A;59183;316.5;166;21;82;4;104;12;8892850.7;14689;72;94;1;0;166;48.5;77
CRS3035RES200mN3131000E3788800;C200M;A;59183;389;184;27;74;9;121;18;9874143.1;16042;40;144;9;0;184;84;47
CRS3035RES200mN3131200E3788800;C200M;A;59183;351.5;168;17;70;5;104;9;9888645.8;15679;79;89;7;0;168;58.5;67
CRS3035RES200mN3131400E3788800;C200M;A;59183;383;232;53;139;8;97;17;10066933.1;18813;141;91;12;0;232;58;107
CRS3035RES200mN3131200E3788600;C200M;A;59183;479.5;268;26;140;8;157;21;13272831.2;23183;177;91;1;0;268;59.5;147
CRS3035RES200mN3131400E3789000;C200M;A;59183;367;184;22;86;10;120;13;10471706.2;16153;87;97;1;0;184;69;76
CRS3035RES200mN3131600E3788800;C200M;A;59183;450;213;23;88;12;120;19;12621808.4;20179;87;126;3;0;213;95;74
CRS3035RES200mN3131600E3788600;C200M;A;59183;326;191;30;116;6;75;7;8679707.3;16989;133;58;12;0;191;44;82
CRS3035RES200mN3131800E3789200;C200M;A;59183;258.5;134;7;58;3;84;8;8240288.7;13953;58;76;0;0;134;33.5;80
CRS3035RES200mN3131800E3789000;C200M;A;59183;451;204;19;80;14;127;17;13465994.9;18858;96;108;4;0;204;86;91
CRS3035RES200mN3131600E3789200;C200M;A;59183;387.5;199;23;101;8;124;15;10611426.1;17737;97;102;7;0;199;74;96
CRS3035RES200mN3132000E3789400;C200M;A;59183;146;87;5;44;0;62;3;4833399.1;8298;62;25;0;0;87;14;76
CRS3035RES200mN3132000E3789200;C200M;A;59183;174.5;109;20;74;5;48;7;4467456.9;8587;83;26;11;0;109;23.5;39
CRS3035RES200mN3132000E3789000;C200M;A;59183;207;111;13;54;1;43;16;6068585;9338;92;19;0;0;111;27;47
CRS3035RES200mN3131800E3788800;C200M;A;59183;530;259;33;116;13;143;24;15677220.2;25989;133;126;1;0;259;94;121
CRS3035RES200mN3132000E3788800;C200M;A;59183;145.5;86;11;46;3;44;6;4376364.3;7420;76;10;0;0;86;20.5;68
CRS3035RES200mN3131400E3788600;C200M;A;59183;441.5;241;35;120;2;129;14;12291013.6;20954;129;112;1;0;241;62.5;117
CRS3035RES200mN3131400E3788400;C200M;A;59183;354.5;178;22;81;8;94;17;10085747;15861;86;92;5;0;178;64.5;83
CRS3035RES200mN3131200E3788400;C200M;A;59183;233.5;123;15;56;3;76;14;6310545.4;11279;62;61;7;0;123;36;56
CRS3035RES200mN3131000E3788200;C200M;A;59183;826.5;435;168;194;15;12;93;13435413.4;27187;435;0;422;0;435;169.5;175
CRS3035RES200mN3131600E3788400;C200M;A;59183;244.5;147;21;83;1;68;17;7024624.2;12799;112;35;0;0;147;32;68
CRS3035RES200mN3131000E3788000;C200M;A;59183;355.5;205;47;103;5;40;40;6974652.4;13728;194;11;140;0;205;70.5;97
CRS3035RES200mN3131400E3788200;C200M;A;59183;510.5;295;104;180;15;46;41;9069855;16318;276;19;206;0;295;104;102
CRS3035RES200mN3131200E3788200;C200M;A;59183;552;268;108;119;17;6;48;8829282.3;17442;261;7;246;2;268;125.5;98
CRS3035RES200mN3131200E3788000;C200M;I;59183;148;58.6;9.9;12.9;7;24.8;16.9;3202258.1;5151.2;30.8;27.8;29.8;0;58.6;40.3;35.7
CRS3035RES200mN3131200E3787800;C200M;A;59183;157;74;3;25;3;57;6;4781051.9;7361;9;65;0;0;74;21.5;51
CRS3035RES200mN3131600E3788200;C200M;A;59183;211;122;10;70;3;66;6;6002630;10406;84;38;0;0;122;18;83
CRS3035RES200mN3131600E3788000;C200M;A;59183;240;173;15;119;0;122;9;5842209;12020;173;0;0;0;173;13;128
CRS3035RES200mN3131400E3788000;C200M;I;59183;1;0.4;0.1;0.1;0;0.2;0.1;21636.9;34.8;0.2;0.2;0.2;0;0.4;0.2;0.30000000000000004
CRS3035RES200mN3131800E3788600;C200M;A;59183;410.5;215;35;110;10;108;18;12242751.9;22032;116;99;0;0;215;63;85
CRS3035RES200mN3132000E3788600;C200M;A;59183;86;56;8;34;1;25;1;2765797.3;4817;47;9;0;0;56;7;35
CRS3035RES200mN3131800E3788400;C200M;A;59183;223.5;141;13;87;2;50;8;6547044.3;11877;113;28;1;0;141;25.5;68
CRS3035RES200mN3132000E3788400;C200M;A;59183;64;46;10;33;0;20;2;1646398.2;2817;45;1;0;0;46;2;18
CRS3035RES200mN3131800E3788200;C200M;A;59183;128;74;7;39;2;33;3;3225926.6;5190;64;10;0;2;74;13;35
CRS3035RES200mN3131000E3787800;C200M;A;59183;345.5;226;44;139;1;101;19;8030170.6;15420;202;24;90;0;226;29.5;108
CRS3035RES200mN3131200E3787600;C200M;A;59183;320.5;193;58;112;4;39;18;6914699.9;13158;164;29;116;0;193;36.5;92
CRS3035RES200mN3131200E3787400;C200M;A;59183;390;259;30;157;0;57;29;8734186.2;17280;259;0;122;0;259;40;156
CRS3035RES200mN3131400E3787800;C200M;A;59183;70;51;6;33;0;30;3;1755202.3;3330;50;1;0;0;51;2;19
CRS3035RES200mN3131800E3788000;C200M;A;59183;93;65;22;47;2;25;4;2225694.1;3889;51;14;0;0;65;9;20
CRS3035RES200mN3131800E3787800;C200M;A;59183;74;63;4;52;0;18;2;1864480.2;3185;63;0;0;0;63;0;21
CRS3035RES200mN3131400E3787600;C200M;I;59183;17;9.1;2.5;4.8;0;1.3;1.5;325893;562.1;7.3;1.8;0.5;0;9.1;2.5;1.5
CRS3035RES200mN3131400E3787400;C200M;A;59183;142;63;18;25;5;6;14;2751950.4;4821;32;31;44;0;63;42;11
CRS3035RES200mN3131600E3787400;C200M;A;59183;341;162;30;69;12;20;38;7311413.7;12100;121;41;136;0;162;98.5;40
CRS3035RES200mN3131400E3787200;C200M;A;59183;190;85;13;27;5;15;20;4239592.9;6648;84;1;38;0;85;44;39
CRS3035RES200mN3131600E3787200;C200M;A;59183;101;51;11;22;3;11;10;2157392.7;3573;51;0;19;0;51;23.5;19
CRS3035RES200mN3127400E3786000;C200M;A;59131;101.5;40;1;10;4;38;5;2401914.8;3826;1;39;0;0;40;23.5;17
CRS3035RES200mN3127600E3786000;C200M;A;59131,59183;31;14;2;5;0;12;1;601523.7;1106;2;12;0;0;14;8;0
CRS3035RES200mN3127000E3785600;C200M;A;59131;136.5;57;6;15;3;54;5;2971514.5;5027;0;57;0;0;57;29.5;32
CRS3035RES200mN3127200E3785600;C200M;A;59131,59183;220.5;96;11;32;4;69;9;4814809.2;8080;3;93;21;0;96;44.5;42
CRS3035RES200mN3127200E3785800;C200M;A;59131;211;98;5;37;5;88;3;4805239.4;8414;0;98;0;0;98;44;47
CRS3035RES200mN3127000E3785400;C200M;A;59131;220;72;20;17;15;26;14;3551937.2;6438;43;29;42;0;72;89;19
CRS3035RES200mN3127000E3785200;C200M;A;59183,59131;43;16;5;4;3;11;3;756049.7;1337;3;13;1;0;16;14;3
CRS3035RES200mN3127400E3785600;C200M;I;59183,59131;24;12.3;2.7;4.8;0.5;10.1;0.5;473629.7;1044.8;0;12.3;0;0;12.299999999999999;3.7;5.4
CRS3035RES200mN3127200E3785400;C200M;I;59131,59183;16;8.2;1.8;3.2;0.4;6.8;0.4;315753.1;696.5;0;8.2;0;0;8.2;2.5;3.5999999999999996
CRS3035RES200mN3127400E3785800;C200M;A;59131,59183;195.5;91;6;34;5;87;10;4345796.5;7454;0;91;0;0;91;39.5;42
CRS3035RES200mN3126800E3785000;C200M;I;59016,59183;28;11.9;1.1;3.7;0.8;10.6;0.3;689772.2;1250.2;0.5;11.4;0;0;11.900000000000002;5.5;8.2
CRS3035RES200mN3126800E3784800;C200M;I;59016,59183;1;0.4;0.1;0.1;0;0.3;0;22819.8;53.4;0;0.4;0.1;0;0.4;0.30000000000000004;0.30000000000000004
CRS3035RES200mN3126800E3784600;C200M;I;59016,59183;3;1.3;0.2;0.3;0.1;0.8;0.1;68459.3;160.3;0;1.3;0.3;0;1.3;0.8;0.8999999999999999
CRS3035RES200mN3126600E3783800;C200M;I;59016;13;4.9;0.4;1.9;1.1;3.4;0;298075.8;624.4;0;4.9;0;0;4.9;4;1.5
CRS3035RES200mN3126800E3784000;C200M;A;59016;93;34;6;6;3;26;2;2500224.5;3174;0;34;5;0;34;18;8
CRS3035RES200mN3126800E3783800;C200M;A;59016;56;25;4;7;1;23;1;1195881.8;2498;0;25;0;0;25;10;13
CRS3035RES200mN3126800E3783600;C200M;I;59016,59183;1;0.4;0;0.1;0.1;0.3;0;22928.9;48;0;0.4;0;0;0.4;0.30000000000000004;0.1
CRS3035RES200mN3126800E3785200;C200M;A;59131,59183,59016;56;24;1;9;2;17;1;1304281.8;2179;3;21;0;0;24;13;12
CRS3035RES200mN3127200E3785000;C200M;I;59183;2;1;0.2;0.4;0;0.8;0;39469.1;87.1;0;1;0;0;1;0.30000000000000004;0.5
CRS3035RES200mN3127600E3784800;C200M;I;59183;3;1.3;0.2;0.3;0.1;0.8;0.1;68459.3;160.3;0;1.3;0.3;0;1.3;0.8;0.8999999999999999
CRS3035RES200mN3128400E3784600;C200M;A;59183;34;14;1;1;1;13;0;798739.6;1434;0;14;1;0;14;5;13
CRS3035RES200mN3126800E3784200;C200M;I;59016;3;1.3;0.2;0.3;0.1;0.8;0.1;68459.3;160.3;0;1.3;0.3;0;1.3;0.8;0.8999999999999999
CRS3035RES200mN3128000E3784200;C200M;I;59183;1;0.5;0;0.2;0;0.3;0;20494.3;40;0.1;0.4;0.1;0;0.5;0.2;0.2
CRS3035RES200mN3128200E3784000;C200M;I;59183;6;2.8;0.2;1.2;0;1.9;0.2;122966.1;240;0.2;2.6;0.7;0;2.8;1.3;1
CRS3035RES200mN3127800E3784000;C200M;I;59183;23;9.9;1.3;2.6;0.7;5.9;0.7;524854.4;1228.9;0;9.9;2;0;9.9;5.9;6.6
CRS3035RES200mN3127600E3783800;C200M;I;59183;3;1.1;0.2;0.1;0.1;0.7;0.1;65349.5;119.3;0.1;1;0;0;1.0999999999999999;0.5;0.6
CRS3035RES200mN3127800E3783800;C200M;I;59183;23.5;9;1.4;1;1;5.5;0.7;511904.2;934.5;0.7;8.3;0;0;9;3.8;4.8
CRS3035RES200mN3128000E3783800;C200M;I;59183;5;2.1;0.1;0.2;0.1;1.8;0;137287.4;214.5;0;2.1;0;0;2.1;0.5;1.7
CRS3035RES200mN3128200E3783800;C200M;A;59183;189;84;6;20;1;80;3;4499141.2;7608;0;84;0;0;84;20.5;59
CRS3035RES200mN3128000E3783600;C200M;A;59183;64;28;2;4;0;26;2;1508752.3;2894;0;28;1;0;28;8;30
CRS3035RES200mN3128200E3783600;C200M;A;59183;196;76;1;6;3;75;4;5011231.3;7741;0;76;0;0;76;39;64
CRS3035RES200mN3126600E3783400;C200M;I;59016;5;1.9;0.1;0.7;0.4;1.3;0;114644.6;240.1;0;1.9;0;0;1.9000000000000001;1.6;0.6000000000000001
CRS3035RES200mN3126600E3782800;C200M;I;59016,59576,59271,59183;2;0.8;0.1;0.1;0.1;0.5;0.1;43566.3;79.5;0.1;0.7;0;0;0.8;0.30000000000000004;0.4
CRS3035RES200mN3126600E3782600;C200M;I;59271,59576,59183,59016;9;3.4;0.5;0.4;0.4;2.1;0.3;196048.4;357.9;0.2;3.2;0;0;3.4;1.4;1.9
CRS3035RES200mN3126800E3782600;C200M;I;59183,59271;9;3.4;0.5;0.4;0.4;2.1;0.3;196048.4;357.9;0.2;3.2;0;0;3.4;1.4;1.9
CRS3035RES200mN3126800E3783400;C200M;I;59016,59183;4;1.5;0.1;0.6;0.3;1;0;91715.6;192.1;0;1.5;0;0;1.5;1.2;0.5
CRS3035RES200mN3126800E3783200;C200M;I;59016,59183;1;0.4;0;0.1;0.1;0.3;0;22928.9;48;0;0.4;0;0;0.4;0.30000000000000004;0.1
CRS3035RES200mN3128000E3783400;C200M;A;59183,59271;23;11;1;2;0;11;0;584415.7;1107;0;11;0;0;11;3;14
CRS3035RES200mN3128200E3783400;C200M;A;59183,59271;69.5;23;4;1;4;23;2;1640648.3;2325;0;23;0;0;23;12;19
CRS3035RES200mN3127000E3782600;C200M;I;59183,59271;14;5;1.1;1.3;0.5;2.5;0.7;283205.5;501.1;0.9;4.1;1.3;0;5;3.5999999999999996;1.4
CRS3035RES200mN3127200E3782400;C200M;I;59271;6;2.2;0.5;0.5;0.2;1.1;0.3;121373.8;214.8;0.4;1.8;0.5;0;2.2;1.5;0.6
CRS3035RES200mN3128200E3786400;C200M;I;59183;3;1.3;0.1;0.3;0;0.9;0.1;70360.3;104.1;0.1;1.2;0;0;1.3;0.30000000000000004;0.6
CRS3035RES200mN3128400E3786400;C200M;I;59183;4;1.7;0.1;0.4;0;1.2;0.1;93813.7;138.8;0.1;1.6;0;0;1.7000000000000002;0.30000000000000004;0.8
CRS3035RES200mN3129000E3786600;C200M;A;59155;351;152;32;52;12;39;26;6737092.9;12442;103;49;92;0;152;94;56
CRS3035RES200mN3128800E3786400;C200M;A;59183,59155;117.5;56;22;22;2;13;10;2072016.5;4180;34;22;1;0;56;30.5;17
CRS3035RES200mN3129000E3786400;C200M;A;59183,59155;93;51;9;22;1;21;5;1878135.8;4211;27;24;23;0;51;13;17
CRS3035RES200mN3129200E3786800;C200M;A;59155,59183;121.5;43;3;6;5;35;6;2812046.2;4269;3;40;0;0;43;36;16
CRS3035RES200mN3129600E3787000;C200M;A;59183;586.5;286;117;138;14;19;56;9092455.7;18965;285;1;242;2;286;155;79
CRS3035RES200mN3129600E3786800;C200M;A;59183;97.5;52;11;22;0;0;9;1897423.2;3562;51;1;50;0;52;19.5;24
CRS3035RES200mN3129400E3786800;C200M;A;59183;135;41;18;7;11;0;11;1988780.8;3453;24;17;41;1;41;47;12
CRS3035RES200mN3129200E3786600;C200M;A;59155,59183;74.5;32;5;8;2;11;4;1528169.9;2538;18;14;16;0;32;19.5;13
CRS3035RES200mN3129400E3786600;C200M;A;59183,59155;444;218;94;103;12;0;38;6714695.2;13222;218;0;218;7;218;103;92
CRS3035RES200mN3128800E3786200;C200M;I;59183;8;3.4;0.3;0.8;0;2.3;0.3;187627.5;277.7;0.3;3.1;0;0;3.3999999999999995;0.8;1.6
CRS3035RES200mN3129000E3786200;C200M;I;59183;15;4.6;2.1;1.2;0.5;3;0.5;260293.2;307.2;1.4;3.2;0;0;4.6;5.1000000000000005;1.6
CRS3035RES200mN3129200E3786400;C200M;A;59183,59155;88;27;2;2;4;15;0;1954598.9;2521;0;27;11;0;27;26;7
CRS3035RES200mN3129400E3786400;C200M;A;59183,59155;161;70;34;21;4;0;22;2544938.5;4797;68;2;69;0;70;47;14
CRS3035RES200mN3129200E3786200;C200M;A;59183;161.5;58;6;7;6;25;6;3494405.4;5315;0;58;32;0;58;37.5;23
CRS3035RES200mN3129600E3786400;C200M;A;59183;163;72;17;29;6;14;11;3119766.7;4897;65;7;41;0;72;44;18
CRS3035RES200mN3129400E3786200;C200M;A;59183;176;82;33;35;5;0;15;2616285;5514;76;6;82;0;82;41;19
CRS3035RES200mN3128800E3785800;C200M;A;59183;170;63;10;10;8;45;7;3468360.7;5282;1;62;11;0;63;29;26
CRS3035RES200mN3129000E3785800;C200M;A;59183;48.5;22;0;12;3;16;1;1120915.2;2057;7;15;0;0;22;14;4
CRS3035RES200mN3129000E3785600;C200M;A;59183;343;122;28;28;19;91;16;6986837.8;9854;9;113;8;0;122;106;37
CRS3035RES200mN3128800E3785600;C200M;I;59183;24;8.4;0.5;1.6;1.1;6.9;1.1;647666.8;902;0;8.4;0;0;8.4;7.6;2.1
CRS3035RES200mN3128600E3785200;C200M;I;59183;21.5;7.6;0.5;1.4;0.9;6.1;0.9;580201.5;808;0;7.6;0;0;7.6;6.9;1.9
CRS3035RES200mN3128800E3785400;C200M;A;59183;181.5;57;14;2;10;8;10;3257808.1;5121;0;57;47;0;57;48;9
CRS3035RES200mN3129200E3785800;C200M;A;59183;374.5;160;74;57;19;16;42;5724092.3;11413;124;36;141;0;160;117;41
CRS3035RES200mN3129200E3786000;C200M;A;59183;272;115;69;44;15;1;32;3787527.9;7615;115;0;114;0;115;87;27
CRS3035RES200mN3129600E3786200;C200M;A;59183;149;67;36;22;2;1;19;2151112.4;4173;67;0;65;0;67;37;18
CRS3035RES200mN3129600E3786000;C200M;I;59183;50;15.4;6.9;3.8;1.5;10;1.5;867644.1;1023.8;4.6;10.8;0;0;15.4;16.900000000000002;5.4
CRS3035RES200mN3129400E3786000;C200M;A;59183;222;120;25;57;3;69;12;4043237.8;9945;120;0;43;0;120;43;84
CRS3035RES200mN3129600E3785800;C200M;A;59183;249;129;53;61;5;0;30;3692141;7539;129;0;129;7;129;52;46
CRS3035RES200mN3129400E3785800;C200M;A;59183;470;229;95;98;15;41;35;7466026.2;15709;229;0;181;0;229;115;106
CRS3035RES200mN3129200E3785600;C200M;A;59183;356.5;124;19;33;21;83;6;7555187.2;10719;13;111;17;0;124;106;49
CRS3035RES200mN3129200E3785400;C200M;A;59183;360.5;153;22;49;12;103;13;7792819.3;13816;36;117;1;0;153;91.5;55
CRS3035RES200mN3129000E3785400;C200M;A;59183;243;97;12;23;9;70;5;4968845.5;8886;6;91;12;0;97;48;42
CRS3035RES200mN3129400E3785600;C200M;I;59183;53.5;17.7;2;4.1;2.7;13.6;2;1020303.5;2057.5;0;17.7;0.7;0;17.7;16.7;4.7
CRS3035RES200mN3129600E3785600;C200M;I;59183;25;8.3;1;1.9;1.3;6.4;1;476777.4;961.5;0;8.3;0.3;0;8.299999999999999;7.800000000000001;2.3
CRS3035RES200mN3129400E3785400;C200M;A;59183;202.5;79;13;17;4;55;10;4314389.2;7697;6;73;5;0;79;44.5;38
CRS3035RES200mN3129800E3787000;C200M;A;59183;184.5;121;48;84;3;18;14;3265389.8;7214;113;8;65;0;121;26.5;59
CRS3035RES200mN3129800E3786800;C200M;A;59183;62;36;22;23;2;4;2;865210.9;2190;34;2;4;0;36;10;16
CRS3035RES200mN3130000E3786800;C200M;A;59183;202.5;126;50;67;1;16;24;3520882.3;7658;123;3;23;0;126;31;29
CRS3035RES200mN3130200E3786800;C200M;I;59183;60;38;1.7;23.7;1.7;22.8;3.4;1572600.7;3230.7;38;0;0;0;38;10.1;19.5
CRS3035RES200mN3129800E3786600;C200M;A;59183;58;35;17;26;1;3;5;840435.5;2128;31;4;5;0;35;15;10
CRS3035RES200mN3129600E3786600;C200M;A;59183;307.5;149;47;60;9;19;31;5373937.9;10556;148;1;123;0;149;67.5;61
CRS3035RES200mN3129800E3786200;C200M;A;59183;189;108;19;51;3;82;10;4139286.8;8778;94;14;2;0;108;18;85
CRS3035RES200mN3130200E3786200;C200M;A;59183;87;58;30;39;2;1;2;1312598.2;3446;0;58;57;0;58;4;59
CRS3035RES200mN3130000E3786200;C200M;A;59183;288.5;126;67;60;12;7;27;4089119.1;8348;119;7;114;1;126;97.5;42
CRS3035RES200mN3130800E3787000;C200M;A;59183;127;90;22;61;0;17;14;2803438.1;5300;86;4;21;0;90;13;17
CRS3035RES200mN3130600E3786800;C200M;I;59183;8;5.1;0.2;3.2;0.2;3;0.5;209680.1;430.8;5.1;0;0;0;5.1;1.3;2.5999999999999996
CRS3035RES200mN3130800E3786800;C200M;A;59183;43;39;15;36;0;0;1;820440.5;1473;39;0;0;0;39;2;3
CRS3035RES200mN3129800E3786000;C200M;A;59183;338.5;128;55;40;16;39;31;5303201.9;9333;87;41;70;0;128;112.5;28
CRS3035RES200mN3129800E3785800;C200M;A;59183;288;111;46;38;16;9;23;4440655.8;7370;97;14;81;1;111;105;36
CRS3035RES200mN3130000E3786000;C200M;A;59183;396.5;175;41;69;12;99;24;7349348.9;13387;39;136;58;1;175;97.5;104
CRS3035RES200mN3130200E3786000;C200M;A;59183;345;183;80;80;5;28;40;5558613.6;12778;150;33;150;0;183;60;79
CRS3035RES200mN3130000E3785800;C200M;A;59183;263;101;18;30;10;78;6;5437687.7;9002;13;88;5;1;101;67;38
CRS3035RES200mN3130200E3785800;C200M;A;59183;341.5;131;18;28;13;96;10;7035568.4;11900;5;126;24;0;131;84;53
CRS3035RES200mN3129800E3785600;C200M;A;59183;299.5;153;48;80;11;30;18;5349771.4;10543;100;53;69;1;153;67.5;44
CRS3035RES200mN3130000E3785600;C200M;A;59183;365;158;70;68;16;51;17;6014241.9;12283;90;68;67;0;158;88;36
CRS3035RES200mN3129800E3785400;C200M;A;59183;182.5;77;13;27;6;43;7;3727956.6;6470;20;57;2;1;77;40;31
CRS3035RES200mN3130000E3785400;C200M;A;59183;142.5;68;21;32;6;16;8;2673724.8;5070;44;24;32;0;68;29.5;25
CRS3035RES200mN3130200E3785600;C200M;A;59183;335;146;41;59;10;80;17;6161861.2;11737;44;102;5;0;146;77;61
CRS3035RES200mN3130400E3785600;C200M;A;59183;299.5;123;12;28;10;103;13;6332132.2;10933;12;111;15;0;123;69.5;91
CRS3035RES200mN3130200E3785400;C200M;A;59183;41;22;3;8;0;18;2;1039673;2058;3;19;0;0;22;3;13
CRS3035RES200mN3130400E3786000;C200M;A;59183;287;134;41;58;7;8;28;4629975.7;9930;108;26;125;0;134;77.5;44
CRS3035RES200mN3130600E3785800;C200M;I;59183;3;1.4;0.4;0.4;0;1;0.1;65587;131.6;0.1;1.3;0;0;1.4000000000000001;0.2;0.1
CRS3035RES200mN3130400E3785800;C200M;A;59183;234.5;99;21;33;8;63;11;4567099.3;8343;27;72;31;0;99;60.5;48
CRS3035RES200mN3130600E3785400;C200M;A;59183;155.5;80;31;30;3;0;24;2464602.9;5703;79;1;78;4;80;30;24
CRS3035RES200mN3128400E3784800;C200M;A;59183;94;45;5;15;1;26;5;2212710.9;4032;18;27;19;0;45;12;21
CRS3035RES200mN3128600E3785000;C200M;A;59183;112;44;4;7;2;42;7;3221995.3;4825;0;44;0;0;44;18;16
CRS3035RES200mN3128800E3785200;C200M;A;59183;181.5;63;5;9;7;46;8;4222832.6;5892;0;63;16;0;63;43.5;18
CRS3035RES200mN3128800E3785000;C200M;A;59183;158.5;61;4;8;3;58;7;4143235.8;6465;0;61;1;0;61;34.5;34
CRS3035RES200mN3128600E3784800;C200M;A;59183;131;54;0;11;4;54;3;3952466.5;6085;0;54;0;0;54;21;43
CRS3035RES200mN3128800E3784800;C200M;A;59183;136;58;5;16;2;49;3;3393793.7;5512;0;58;2;0;58;19;46
CRS3035RES200mN3128600E3784600;C200M;A;59183;87;39;3;9;1;39;3;2280985.8;3843;0;39;0;0;39;10;35
CRS3035RES200mN3128800E3784600;C200M;A;59183;260.5;111;13;23;6;96;12;6165103.1;9737;0;111;2;0;111;50.5;73
CRS3035RES200mN3129000E3785200;C200M;A;59183;229.5;111;46;45;4;41;25;3891276.1;8253;64;47;66;0;111;60.5;38
CRS3035RES200mN3129400E3785200;C200M;A;59183;247;102;27;29;8;43;22;4862781.5;8318;45;57;22;0;102;69;28
CRS3035RES200mN3129000E3785000;C200M;A;59183;454.5;179;58;47;21;75;30;7872754.2;14680;63;116;87;1;179;130.5;65
CRS3035RES200mN3129200E3785200;C200M;A;59183;271.5;100;18;24;14;47;10;5269991.2;8337;16;84;17;0;100;76.5;45
CRS3035RES200mN3129600E3785400;C200M;A;59183;174;89;21;43;5;45;7;3423783;6690;35;54;2;0;89;35;31
CRS3035RES200mN3129600E3785200;C200M;A;59183;317.5;142;31;63;13;87;13;6488215.3;11817;45;97;29;0;142;80.5;41
CRS3035RES200mN3129400E3785000;C200M;A;59183;191.5;91;28;35;4;22;9;3649618.2;6484;48;43;59;0;91;33.5;45
CRS3035RES200mN3129800E3785200;C200M;A;59183;444.5;189;54;79;18;85;29;8105513.4;15047;88;101;34;2;189;120;60
CRS3035RES200mN3129800E3785000;C200M;A;59183;254;103;21;29;6;65;8;5020561.9;9225;19;84;5;0;103;59;42
CRS3035RES200mN3129600E3785000;C200M;A;59183;352.5;146;32;48;15;80;21;7374926.7;12633;48;98;54;0;146;93.5;46
CRS3035RES200mN3129200E3785000;C200M;A;59183;298.5;116;21;33;9;80;12;6251705.2;9570;24;92;27;0;116;79.5;48
CRS3035RES200mN3129000E3784800;C200M;A;59183;198.5;87;8;19;5;76;10;4425910.4;7881;0;87;2;0;87;29.5;69
CRS3035RES200mN3129200E3784800;C200M;A;59183;166.5;73;6;22;2;60;2;4188079.2;7111;11;62;3;0;73;33.5;40
CRS3035RES200mN3129000E3784600;C200M;A;59183;188.5;82;22;17;2;44;16;3649847.5;6717;32;50;32;0;82;45.5;43
CRS3035RES200mN3129400E3784800;C200M;A;59183;244.5;88;32;14;8;35;17;4501554.1;6929;47;41;48;0;88;66.5;23
CRS3035RES200mN3129600E3784800;C200M;A;59183;119.5;50;7;10;2;34;4;2746167.5;4517;12;38;11;0;50;20.5;21
CRS3035RES200mN3129400E3784600;C200M;I;59183;23;9.9;2.5;0.8;0;7.4;1.6;421017;765.6;1.7;8.2;0;0;9.9;4.9;3.3
CRS3035RES200mN3129600E3784600;C200M;A;59183;342;190;85;101;8;1;38;5309693.8;13913;190;0;151;0;190;80;68
CRS3035RES200mN3128600E3784400;C200M;A;59183;152;74;6;28;2;68;3;3618187.8;6826;0;74;4;0;74;27;61
CRS3035RES200mN3128600E3784200;C200M;A;59183;47;23;2;7;0;22;2;1154131.8;2225;0;23;0;0;23;5;15
CRS3035RES200mN3128800E3784400;C200M;A;59183;121;57;6;18;3;53;8;2724400.2;5449;0;57;0;0;57;16;49
CRS3035RES200mN3128400E3784000;C200M;A;59183;55;19;4;4;3;15;3;1159767.2;1673;0;19;3;1;19;18;2
CRS3035RES200mN3128800E3784200;C200M;A;59183;238;106;31;34;7;58;14;4740547;9078;46;60;46;0;106;40;57
CRS3035RES200mN3128800E3784000;C200M;I;59183;18.5;8.7;0.7;3.6;0;5.8;0.7;379145.4;740;0.7;8;2.2;0;8.7;3.9999999999999996;2.9
CRS3035RES200mN3128600E3784000;C200M;A;59183;99;39;2;7;2;36;6;2318579.5;3064;0;39;3;0;39;24;16
CRS3035RES200mN3128400E3783800;C200M;A;59183;292.5;162;59;92;8;62;11;5393367.9;9568;89;73;1;0;162;41.5;79
CRS3035RES200mN3128600E3783800;C200M;A;59183;223;97;16;24;3;57;8;4679025.3;8131;26;71;34;0;97;42;45
CRS3035RES200mN3129000E3784200;C200M;A;59183;129.5;53;13;15;7;37;6;2379225.8;4681;0;53;12;0;53;26.5;23
CRS3035RES200mN3129000E3784000;C200M;A;59183;199;80;15;27;10;32;12;3871813.9;6426;32;48;31;0;80;63;14
CRS3035RES200mN3128800E3783800;C200M;A;59183;232;92;11;16;3;78;6;5313000.5;8635;2;90;3;0;92;40;56
CRS3035RES200mN3129200E3784000;C200M;I;59183;5;2.1;0.5;0.2;0;1.6;0.4;91525.4;166.4;0.3;1.8;0;0;2.1;1.1;0.7
CRS3035RES200mN3129200E3784600;C200M;A;59183;149;55;11;12;6;44;5;3121908.8;5129;0;55;0;0;55;43;19
CRS3035RES200mN3129000E3784400;C200M;A;59183;337.5;170;53;72;6;1;36;5931449.2;11455;162;8;156;0;170;72.5;52
CRS3035RES200mN3129200E3784400;C200M;A;59183;96;35;5;12;7;27;3;2050792.5;3200;0;35;5;0;35;27;15
CRS3035RES200mN3129200E3784200;C200M;A;59183;51.5;17;1;2;2;12;2;1082243.8;1583;0;17;2;0;17;11;1
CRS3035RES200mN3129400E3784400;C200M;A;59183;150;93;7;51;1;71;3;3177807.3;7454;93;0;0;0;93;11.5;73
CRS3035RES200mN3129600E3784400;C200M;A;59183;803.5;329;147;123;42;22;75;11644765.9;26466;302;27;300;2;329;261.5;93
CRS3035RES200mN3129600E3784200;C200M;A;59183;191.5;87;37;42;8;11;14;2862827.5;6922;76;11;76;7;87;52.5;28
CRS3035RES200mN3129400E3784000;C200M;A;59183;25;14;1;7;0;14;0;551000.1;1448;0;14;0;0;14;0;14
CRS3035RES200mN3129600E3784000;C200M;A;59183;149;66;5;14;2;61;3;3647186.8;6579;0;66;0;0;66;18;60
CRS3035RES200mN3129600E3783800;C200M;A;59183;190;88;15;22;4;63;11;3694073;7835;0;88;25;0;88;31.5;74
CRS3035RES200mN3129800E3783800;C200M;A;59183;181.5;72;7;23;8;65;8;3904580.6;5789;0;72;1;1;72;50.5;33
CRS3035RES200mN3130000E3785200;C200M;A;59183;382.5;153;24;41;12;105;21;7865802.9;13364;14;139;13;0;153;96.5;53
CRS3035RES200mN3130400E3785400;C200M;A;59183;96;45;18;19;3;0;8;1549376.1;3094;39;6;39;0;45;24;19
CRS3035RES200mN3130200E3785200;C200M;A;59183;285;139;17;56;6;100;16;5972572.9;11468;24;115;2;0;139;50;63
CRS3035RES200mN3130400E3785200;C200M;A;59183;372;197;37;109;10;85;13;7378330.7;13671;88;109;78;0;197;79;128
CRS3035RES200mN3130200E3785000;C200M;A;59183;283;121;19;45;12;100;9;6117806.5;10352;9;112;4;0;121;62;47
CRS3035RES200mN3130000E3785000;C200M;A;59183;269.5;101;15;25;6;74;10;5554760.4;9601;17;84;11;0;101;78.5;38
CRS3035RES200mN3130000E3784800;C200M;A;59183;233;109;16;38;3;52;11;5137966;9268;43;66;52;0;109;47;56
CRS3035RES200mN3129800E3784800;C200M;A;59183;95.5;38;6;13;6;28;3;2095914.5;3759;3;35;1;0;38;24.5;9
CRS3035RES200mN3130200E3784800;C200M;A;59183;242.5;90;6;18;8;78;10;5349963.9;8218;0;90;0;0;90;53.5;59
CRS3035RES200mN3129800E3784600;C200M;A;59183;242.5;127;29;55;5;59;25;4779555.8;9878;102;25;19;0;127;46.5;39
CRS3035RES200mN3130000E3784600;C200M;A;59183;762;448;256;288;18;0;69;10314540.5;23660;448;0;448;0;448;199;126
CRS3035RES200mN3130400E3785000;C200M;A;59183;284.5;114;15;31;7;93;12;6191917.7;9523;4;110;4;0;114;73;45
CRS3035RES200mN3130400E3784600;C200M;A;59183;62.5;30;8;9;2;27;2;1313312.5;2697;0;30;1;0;30;6.5;22
CRS3035RES200mN3130800E3785400;C200M;I;59183;3;1.4;0.4;0.4;0;1;0.1;65587;131.6;0.1;1.3;0;0;1.4000000000000001;0.2;0.1
CRS3035RES200mN3130600E3785200;C200M;A;59183;199;103;12;43;4;77;7;4207784;8365;39;64;4;0;103;25;47
CRS3035RES200mN3130800E3785200;C200M;I;59183;2;0.9;0.3;0.3;0;0.6;0.1;43724.6;87.7;0.1;0.8;0;0;0.8999999999999999;0.2;0.1
CRS3035RES200mN3130600E3785000;C200M;A;59183;220;96;6;27;7;91;4;5076820.6;8465;0;96;2;0;96;43;54
CRS3035RES200mN3130800E3785000;C200M;I;59183;20;9.3;2.9;2.9;0;6.4;0.7;437246.5;877.1;0.7;8.6;0;0;9.299999999999999;1.4;0.7
CRS3035RES200mN3130600E3784800;C200M;A;59183;283.5;120;18;28;5;100;13;5722577.5;10672;0;120;8;0;120;57.5;70
CRS3035RES200mN3130800E3784800;C200M;A;59183;182;69;6;10;7;60;3;3885905.4;6314;0;69;5;0;69;37;31
CRS3035RES200mN3131000E3784800;C200M;I;59183;13.5;5.2;0.6;1.2;0.9;1.5;0.6;265777.6;424.3;0;5.2;3.7;0;5.2;4.6;3.1
CRS3035RES200mN3129800E3784400;C200M;A;59183;380;192;28;93;14;126;25;7416743.9;14251;130;62;21;0;192;64;107
CRS3035RES200mN3130200E3784600;C200M;A;59183;308.5;164;90;92;6;7;26;4300802.5;9991;154;10;157;0;164;78.5;51
CRS3035RES200mN3130000E3784400;C200M;A;59183;51;19;3;6;3;15;1;849736.7;1470;0;19;2;0;19;11;14
CRS3035RES200mN3129800E3784200;C200M;A;59183;60.5;21;1;3;4;20;2;1178311.5;2143;1;20;0;0;21;10;15
CRS3035RES200mN3130200E3784400;C200M;A;59183;39;19;4;7;0;11;4;787029.2;1514;0;19;6;0;19;6;6
CRS3035RES200mN3130000E3784200;C200M;A;59183;55.5;23;3;4;3;14;2;1022504.5;1807;0;23;8;0;23;9.5;15
CRS3035RES200mN3130400E3784800;C200M;A;59183;210.5;97;6;34;5;88;5;4663910.8;8943;0;97;3;0;97;35.5;81
CRS3035RES200mN3130600E3784600;C200M;A;59183;188.5;64;12;10;10;22;7;3526984.2;5784;0;64;40;0;64;53.5;28
CRS3035RES200mN3130600E3784400;C200M;A;59183;143.5;55;9;11;9;15;8;2654748.4;4619;1;54;37;0;55;34.5;26
CRS3035RES200mN3130400E3784400;C200M;A;59183;62;35;10;15;0;3;9;1039668.3;2588;30;5;11;0;35;15;10
CRS3035RES200mN3129800E3784000;C200M;A;59183;244;94;12;22;8;83;5;5391054.7;9153;0;94;1;0;94;62.5;68
CRS3035RES200mN3130200E3784200;C200M;A;59183;253;104;31;27;10;28;13;4589682.5;7696;33;71;72;1;104;59;37
CRS3035RES200mN3130000E3784000;C200M;A;59183;97.5;32;7;9;10;3;3;1637131.9;2419;1;31;27;0;32;27.5;9
CRS3035RES200mN3130200E3784000;C200M;A;59183;124;48;9;15;4;35;5;2506394.1;3780;0;48;11;0;48;31;22
CRS3035RES200mN3130000E3783800;C200M;A;59183;442;207;100;85;15;4;49;6555045.1;13854;200;7;200;7;207;124.5;73
CRS3035RES200mN3130400E3784200;C200M;A;59183;28;18;4;11;0;3;0;599293.8;1168;11;7;15;0;18;1;10
CRS3035RES200mN3130400E3784000;C200M;A;59183;248.5;109;43;36;7;35;22;4157834.2;7143;66;43;73;0;109;71.5;27
CRS3035RES200mN3130800E3784600;C200M;A;59183;129;53;3;12;2;45;4;3197265.8;5139;0;53;6;0;53;18;28
CRS3035RES200mN3131000E3784600;C200M;A;59183;49;16;1;2;2;15;1;1056296.9;1629;0;16;1;0;16;10;6
CRS3035RES200mN3130800E3784400;C200M;A;59183;222.5;87;12;21;9;2;13;4157524.8;7376;0;87;84;0;87;45.5;47
CRS3035RES200mN3130600E3784200;C200M;A;59183;103.5;38;6;8;5;26;2;2237899.2;3075;0;38;12;0;38;28.5;19
CRS3035RES200mN3131000E3784400;C200M;A;59183;82;38;5;11;2;10;6;1732812.9;3447;0;38;28;0;38;16;23
CRS3035RES200mN3131000E3784200;C200M;I;59183;30.5;11.8;1.4;2.8;2.1;3.5;1.4;600460.5;958.7;0;11.8;8.3;0;11.799999999999999;10.399999999999999;6.9
CRS3035RES200mN3130800E3784200;C200M;A;59183;116;45;11;12;3;17;6;2126899.1;3853;0;45;28;0;45;24;25
CRS3035RES200mN3130600E3784000;C200M;A;59183;163.5;94;27;51;3;16;12;3302327.5;5698;36;58;77;1;94;26.5;33
CRS3035RES200mN3130800E3784000;C200M;A;59183;94.5;30;10;4;9;2;7;1461302.1;2540;0;30;27;0;30;33;9
CRS3035RES200mN3131400E3786800;C200M;I;59183;3;1.9;0.1;1.2;0.1;1.1;0.2;78630;161.5;1.9;0;0;0;1.9000000000000001;0.5;1
CRS3035RES200mN3128400E3783600;C200M;A;59183;184;75;0;11;1;71;7;5122131.1;7827;0;75;0;0;75;37;66
CRS3035RES200mN3128600E3783600;C200M;A;59183;87;39;1;8;0;38;1;2306455.1;4138;0;39;0;0;39;11;28
CRS3035RES200mN3128400E3783400;C200M;I;59183,59271;17;7;0.4;0.7;0.4;6.3;0;466777.1;729.2;0;7;0;0;7;1.8;5.9
CRS3035RES200mN3128600E3783400;C200M;I;59183;24;9.9;0.5;1;0.5;8.9;0;658979.5;1029.4;0;9.9;0;0;9.9;2.6;8.3
CRS3035RES200mN3129000E3783800;C200M;A;59183;169.5;64;24;20;13;25;12;2929282.8;5256;27;37;39;0;64;59;22
CRS3035RES200mN3128800E3783600;C200M;A;59183;89;39;2;7;2;33;3;2098162.5;4412;0;39;0;0;39;14;28
CRS3035RES200mN3129000E3783600;C200M;A;59183;268;88;19;21;13;46;8;5204901.5;7939;10;78;22;17;88;82;28
CRS3035RES200mN3128800E3783400;C200M;A;59183;76;28;6;3;3;5;8;1344760.2;2362;0;28;23;0;28;21;6
CRS3035RES200mN3129000E3783400;C200M;A;59183;333.5;165;43;88;12;50;18;6377222.6;11339;109;56;68;0;165;70.5;48
CRS3035RES200mN3128800E3783200;C200M;A;59183,59271;87;28;9;5;5;1;3;1407811.9;2173;0;28;27;0;28;26;1
CRS3035RES200mN3129000E3783200;C200M;A;59183,59271;106.5;48;15;18;4;38;5;2051907.9;4275;4;44;0;0;48;23.5;16
CRS3035RES200mN3128800E3783000;C200M;A;59271;36;13;2;5;2;10;1;617498.9;1284;3;10;0;0;13;12;7
CRS3035RES200mN3129400E3783800;C200M;I;59183;24;8.6;0.9;1.4;0.5;7.2;0.5;594465.9;901.1;0;8.6;0.5;0;8.6;4.1;5.5
CRS3035RES200mN3129400E3783600;C200M;I;59183;29;10.4;1.1;1.6;0.5;8.8;0.5;718312.9;1088.9;0;10.4;0.5;0;10.4;4.9;6.5
CRS3035RES200mN3129200E3783600;C200M;A;59183;159;87;27;45;4;54;3;3675866.9;7067;32;55;32;0;87;27;55
CRS3035RES200mN3129200E3783400;C200M;A;59183;167;75;17;27;6;42;6;3478420.1;6164;22;53;22;0;75;38;37
CRS3035RES200mN3129600E3783600;C200M;A;59183;115.5;43;2;10;5;37;2;2588301.7;3905;0;43;1;0;43;28.5;21
CRS3035RES200mN3129400E3783400;C200M;A;59183;212;79;7;13;8;66;9;4865713.5;7071;1;78;4;0;79;52;37
CRS3035RES200mN3129800E3783600;C200M;A;59183;181.5;73;6;20;4;64;4;3954606.2;5225;3;70;5;0;73;38.5;30
CRS3035RES200mN3129800E3783400;C200M;A;59183;31;11;1;2;1;10;0;745928.3;907;0;11;0;0;11;8;4
CRS3035RES200mN3129600E3783400;C200M;A;59183;135;63;12;23;2;43;4;2764329.7;5026;13;50;1;0;63;23;31
CRS3035RES200mN3129200E3783200;C200M;A;59183;85;32;7;7;3;24;3;1729481.2;2718;5;27;1;0;32;23;15
CRS3035RES200mN3129400E3783200;C200M;A;59183;101;41;0;7;2;35;1;2369678.8;3664;0;41;2;0;41;12;21
CRS3035RES200mN3129200E3783000;C200M;A;59271,59183;77.5;27;8;4;3;9;3;1407644.9;2504;0;27;18;0;27;17.5;19
CRS3035RES200mN3129400E3783000;C200M;A;59271,59183;109;33;10;8;11;3;3;1711940.3;2576;0;33;30;0;33;33;17
CRS3035RES200mN3129600E3783200;C200M;A;59183;109;47;2;11;1;42;1;2812054.5;4491;0;47;0;0;47;17;35
CRS3035RES200mN3130000E3783400;C200M;A;59183;109.5;54;22;21;2;8;15;1678945.8;3465;46;8;46;0;54;28.5;6
CRS3035RES200mN3129800E3783200;C200M;A;59183;117;49;5;12;4;38;3;2719439.9;4951;0;49;3;0;49;27;33
CRS3035RES200mN3129600E3783000;C200M;A;59183,59271;54;23;1;7;3;22;0;1237959.7;2009;0;23;1;0;23;12;14
CRS3035RES200mN3129800E3783000;C200M;A;59183;130;53;3;12;3;47;5;3063432.3;5029;0;53;3;0;53;26;32
CRS3035RES200mN3129000E3783000;C200M;A;59271,59183;490;186;106;52;30;2;39;6869690.7;13147;183;3;183;2;186;153;58
CRS3035RES200mN3129600E3782800;C200M;A;59183,59271;111;44;8;12;9;27;5;2113464.5;3910;0;44;14;0;44;30;18
CRS3035RES200mN3130000E3783000;C200M;A;59183;133.5;56;4;11;5;52;5;2978493.2;5153;0;56;2;0;56;23;42
CRS3035RES200mN3129800E3782800;C200M;A;59183;192.5;87;17;26;1;45;8;3942099.9;8170;0;87;34;0;87;27.5;62
CRS3035RES200mN3129600E3782600;C200M;I;59271,59183;19.5;7;1.5;1;0.8;1;1.3;354453.5;572.3;1.6;5.4;4.4;0;7;5.5;2.5999999999999996
CRS3035RES200mN3129600E3782400;C200M;A;59271,59183;97.5;31;10;4;7;7;5;1586346.2;2669;0;31;24;0;31;32.5;14
CRS3035RES200mN3130000E3782800;C200M;A;59183;173.5;62;7;8;9;54;11;3692646.9;5906;6;56;7;0;62;45.5;18
CRS3035RES200mN3129800E3782600;C200M;A;59183;155;54;5;14;10;40;5;3011686.3;4852;4;50;10;0;54;41;16
CRS3035RES200mN3130000E3782600;C200M;A;59183;164.5;73;18;21;5;45;7;3239412.3;6542;18;55;20;0;73;38.5;33
CRS3035RES200mN3129800E3782400;C200M;A;59183;157.5;66;7;26;7;44;6;3383354;5067;9;57;5;0;66;44.5;20
CRS3035RES200mN3130200E3783800;C200M;A;59183;55;23;1;7;2;22;0;1247271.5;1939;1;22;0;0;23;13;7
CRS3035RES200mN3130000E3783600;C200M;A;59183;191.5;71;25;21;10;32;8;3368885.8;4958;33;38;33;0;71;64;29
CRS3035RES200mN3130200E3783600;C200M;A;59183;138;54;3;11;4;52;3;3528691.4;4864;0;54;0;0;54;30;28
CRS3035RES200mN3130400E3783800;C200M;A;59183;172.5;64;8;12;7;57;6;3694932;5510;0;64;0;0;64;42.5;31
CRS3035RES200mN3130400E3783600;C200M;A;59183;179;69;8;18;6;45;3;3845285;6098;0;69;22;0;69;42;46
CRS3035RES200mN3130600E3783600;C200M;A;59183;44;18;2;3;2;5;1;890467.8;1692;0;18;13;0;18;7;15
CRS3035RES200mN3130200E3783400;C200M;I;59183;3.5;1.3;0.2;0.1;0.1;0.7;0;84660.7;118;0;1.3;0.5;0;1.3;0.5;0.5
CRS3035RES200mN3130000E3783200;C200M;A;59183;85;33;3;6;3;28;5;1823175;3113;0;33;1;0;33;21;14
CRS3035RES200mN3130400E3783400;C200M;I;59183;19;6.9;1.2;0.6;0.6;3.7;0;459586.4;640.4;0;6.9;2.5;0;6.8999999999999995;2.8000000000000003;2.5
CRS3035RES200mN3130600E3783800;C200M;A;59183;269.5;132;53;61;11;12;25;4322588.1;8624;82;50;119;0;132;66.5;34
CRS3035RES200mN3130200E3783200;C200M;I;59183;8;2.9;0.5;0.3;0.3;1.6;0;193510.1;269.6;0;2.9;1;0;2.9;1.2;1
CRS3035RES200mN3130400E3783000;C200M;A;59183;45;20;1;5;0;17;0;1014694.3;2037;0;20;0;0;20;5;11
CRS3035RES200mN3130200E3783000;C200M;A;59183;250;110;37;47;10;28;16;4218132.7;7865;41;69;80;0;110;65;40
CRS3035RES200mN3130200E3782800;C200M;A;59183;209.5;91;26;28;6;50;12;4018250.8;7474;15;76;34;0;91;53.5;40
CRS3035RES200mN3130400E3782800;C200M;A;59183;97.5;38;5;9;5;27;1;1980567.6;3540;0;38;7;0;38;19.5;29
CRS3035RES200mN3130600E3782800;C200M;I;59183;29;10.7;0.6;1.2;0.6;8.3;1.8;640390.6;1042.2;0;10.7;2.4;0;10.7;5.9;4.8
CRS3035RES200mN3130200E3782600;C200M;A;59183;106.5;44;3;11;5;41;4;2238624.3;4038;0;44;0;0;44;24.5;24
CRS3035RES200mN3130200E3782400;C200M;A;59183;134;55;6;16;3;47;3;3395130.1;5168;2;53;0;0;55;29;16
CRS3035RES200mN3130400E3782600;C200M;A;59183;54.5;21;0;5;2;21;0;1249089.6;2103;0;21;0;0;21;10.5;14
CRS3035RES200mN3130600E3782600;C200M;A;59183;79;38;5;17;2;34;1;1710447.2;3404;0;38;3;0;38;14;24
CRS3035RES200mN3130400E3782400;C200M;A;59183;105.5;41;5;7;2;34;2;2473802.3;3974;2;39;0;0;41;22.5;23
CRS3035RES200mN3130600E3782400;C200M;A;59183;101;52;5;17;0;49;3;2395465.8;4947;0;52;1;0;52;11;41
CRS3035RES200mN3130000E3782400;C200M;A;59183;125;54;10;18;3;45;5;2714369.6;5296;3;51;2;0;54;18;34
CRS3035RES200mN3129800E3782200;C200M;A;59183,59271;71;27;3;6;3;24;2;1480238.4;2759;0;27;0;0;27;21;10
CRS3035RES200mN3130000E3782200;C200M;A;59183;166.5;78;19;32;6;28;10;3182807.2;5824;40;38;34;0;78;37.5;39
CRS3035RES200mN3129800E3782000;C200M;A;59271,59183;52;22;6;9;3;8;2;1038290.2;1796;0;22;11;0;22;14;13
CRS3035RES200mN3130000E3782000;C200M;A;59183,59271;81.5;34;7;11;3;19;4;1531412.4;3195;13;21;14;0;34;22.5;13
CRS3035RES200mN3130000E3781800;C200M;A;59271,59183;69.5;31;2;11;1;29;1;1580830;3132;0;31;0;0;31;11;11
CRS3035RES200mN3130000E3781600;C200M;A;59271,59183;36;18;2;9;1;15;0;823668.4;1506;1;17;0;0;18;5;6
CRS3035RES200mN3130200E3781600;C200M;A;59271,59183;38;15;3;3;1;13;2;704345.1;1196;0;15;0;0;15;9;7
CRS3035RES200mN3130200E3782200;C200M;A;59183;182;79;16;27;5;40;12;3556963.1;6541;34;45;29;0;79;50;24
CRS3035RES200mN3130200E3782000;C200M;A;59183;115.5;47;0;14;4;45;2;2861104.7;4587;0;47;0;0;47;29.5;14
CRS3035RES200mN3130400E3782200;C200M;A;59183;176;73;12;17;5;49;4;3695693.9;6623;12;61;19;0;73;35;33
CRS3035RES200mN3130600E3782200;C200M;A;59183;117.5;55;11;18;2;38;10;2513912.9;4808;10;45;12;0;55;20.5;22
CRS3035RES200mN3130400E3782000;C200M;A;59183;159.5;62;7;14;6;45;4;3431955.3;5371;0;62;15;0;62;30.5;36
CRS3035RES200mN3130600E3782000;C200M;A;59183;130;52;6;11;6;46;5;2853383.8;5148;0;52;0;0;52;29;22
CRS3035RES200mN3130200E3781800;C200M;A;59183;150.5;71;13;23;4;45;3;3068930.2;5887;0;71;21;0;71;24.5;57
CRS3035RES200mN3130400E3781800;C200M;A;59183;187;70;7;13;4;49;6;3819350.2;6149;1;69;15;0;70;47.5;29
CRS3035RES200mN3130600E3781800;C200M;A;59183;105.5;46;2;10;2;41;4;2448379.9;4368;1;45;2;0;46;19.5;25
CRS3035RES200mN3130600E3781600;C200M;I;59271,59183;39;16;2.7;3.5;0.9;14.2;1.8;781436.1;1450.1;0;16;0;0;16;8;8
CRS3035RES200mN3130800E3782200;C200M;I;59183;20;7.3;0.4;0.8;0.4;5.7;1.2;441648.7;718.8;0;7.3;1.6;0;7.300000000000001;4.1;3.3
CRS3035RES200mN3130800E3782000;C200M;A;59183;49;17;4;3;3;8;2;957015.1;1438;0;17;6;0;17;15;7
CRS3035RES200mN3130800E3781800;C200M;I;59183;5;2;0.3;0.5;0.1;1.8;0.2;100184.1;185.9;0;2;0;0;2;1;1
CRS3035RES200mN3130400E3781600;C200M;A;59271,59183;46.5;17;3;3;2;16;3;1255293.9;1563;0;17;1;0;17;11.5;8